GKGRECORDID	V2_1QUOTATIONS
20170417121500-1	
20170417121500-2	
20170417121500-3	
20170417121500-4	
20170417121500-5	
20170417121500-6	
20170417121500-7	
20170417121500-8	
20170417121500-9	
20170417121500-10	
20170417121500-11	
20170417121500-12	
20170417121500-13	
20170417121500-14	
20170417121500-15	
20170417121500-16	
20170417121500-17	
20170417121500-18	
20170417121500-19	
20170417121500-20	
20170417121500-21	
20170417121500-22	
20170417121500-23	
20170417121500-24	
20170417121500-25	
20170417121500-26	
20170417121500-27	
20170417121500-28	
20170417121500-29	
20170417121500-30	
20170417121500-31	
20170417121500-32	
20170417121500-33	
20170417121500-34	
20170417121500-35	
20170417121500-36	
20170417121500-37	
20170417121500-38	
20170417121500-39	
20170417121500-40	
20170417121500-41	
20170417121500-42	
20170417121500-43	
20170417121500-44	
20170417121500-45	
20170417121500-46	
20170417121500-47	
20170417121500-48	
20170417121500-49	
20170417121500-50	
20170417121500-51	
20170417121500-52	
20170417121500-53	
20170417121500-54	
20170417121500-55	
20170417121500-56	
20170417121500-57	
20170417121500-58	
20170417121500-59	
20170417121500-60	
20170417121500-61	
20170417121500-62	
20170417121500-63	
20170417121500-64	
20170417121500-65	
20170417121500-66	
20170417121500-67	
20170417121500-68	
20170417121500-69	
20170417121500-70	
20170417121500-71	
20170417121500-72	
20170417121500-73	
20170417121500-74	
20170417121500-75	
20170417121500-76	
20170417121500-77	
20170417121500-78	
20170417121500-79	
20170417121500-80	
20170417121500-81	
20170417121500-82	
20170417121500-83	
20170417121500-84	
20170417121500-85	
20170417121500-86	
20170417121500-87	
20170417121500-88	
20170417121500-89	
20170417121500-90	
20170417121500-91	
20170417121500-92	
20170417121500-93	
20170417121500-94	
20170417121500-95	
20170417121500-96	
20170417121500-97	
20170417121500-98	
20170417121500-99	
20170417121500-100	
20170417121500-101	
20170417121500-102	
20170417121500-103	
20170417121500-104	
20170417121500-105	
20170417121500-106	
20170417121500-107	
20170417121500-108	
20170417121500-109	
20170417121500-110	
20170417121500-111	
20170417121500-112	
20170417121500-113	
20170417121500-114	
20170417121500-115	
20170417121500-116	
20170417121500-117	
20170417121500-118	
20170417121500-119	
20170417121500-120	
20170417121500-121	
20170417121500-122	
20170417121500-123	
20170417121500-124	
20170417121500-125	
20170417121500-126	
20170417121500-127	
20170417121500-128	
20170417121500-129	
20170417121500-130	
20170417121500-131	
20170417121500-132	
20170417121500-133	
20170417121500-134	
20170417121500-135	
20170417121500-136	
20170417121500-137	
20170417121500-138	
20170417121500-139	
20170417121500-140	
20170417121500-141	
20170417121500-142	
20170417121500-143	
20170417121500-144	
20170417121500-145	
20170417121500-146	
20170417121500-147	
20170417121500-148	
20170417121500-149	
20170417121500-150	
20170417121500-151	
20170417121500-152	
20170417121500-153	
20170417121500-154	
20170417121500-155	
20170417121500-156	
20170417121500-157	
20170417121500-158	
20170417121500-159	
20170417121500-160	
20170417121500-161	
20170417121500-162	
20170417121500-163	
20170417121500-164	
20170417121500-165	
20170417121500-166	
20170417121500-167	
20170417121500-168	
20170417121500-169	
20170417121500-170	
20170417121500-171	
20170417121500-172	
20170417121500-173	
20170417121500-174	
20170417121500-175	
20170417121500-176	
20170417121500-177	
20170417121500-178	
20170417121500-179	
20170417121500-180	
20170417121500-181	
20170417121500-182	
20170417121500-183	
20170417121500-184	
20170417121500-185	
20170417121500-186	
20170417121500-187	
20170417121500-188	
20170417121500-189	
20170417121500-190	
20170417121500-191	
20170417121500-192	
20170417121500-193	
20170417121500-194	
20170417121500-195	
20170417121500-196	
20170417121500-197	
20170417121500-198	
20170417121500-199	
20170417121500-200	
20170417121500-201	
20170417121500-202	
20170417121500-203	
20170417121500-204	
20170417121500-205	
20170417121500-206	
20170417121500-207	
20170417121500-208	
20170417121500-209	
20170417121500-210	
20170417121500-211	
20170417121500-212	
20170417121500-213	
20170417121500-214	
20170417121500-215	
20170417121500-216	
20170417121500-217	
20170417121500-218	
20170417121500-219	
20170417121500-220	
20170417121500-221	
20170417121500-222	
20170417121500-223	
20170417121500-224	
20170417121500-225	
20170417121500-226	
20170417121500-227	
20170417121500-228	
20170417121500-229	
20170417121500-230	
20170417121500-231	
20170417121500-232	
20170417121500-233	
20170417121500-234	
20170417121500-235	
20170417121500-236	
20170417121500-237	
20170417121500-238	
20170417121500-239	
20170417121500-240	
20170417121500-241	
20170417121500-242	
20170417121500-243	
20170417121500-244	
20170417121500-245	
20170417121500-246	
20170417121500-247	
20170417121500-248	
20170417121500-249	
20170417121500-250	
20170417121500-251	
20170417121500-252	
20170417121500-253	
20170417121500-254	
20170417121500-255	
20170417121500-256	
20170417121500-257	
20170417121500-258	
20170417121500-259	
20170417121500-260	
20170417121500-261	
20170417121500-262	
20170417121500-263	
20170417121500-264	
20170417121500-265	
20170417121500-266	
20170417121500-267	
20170417121500-268	
20170417121500-269	
20170417121500-270	
20170417121500-271	
20170417121500-272	
20170417121500-273	
20170417121500-274	
20170417121500-275	
20170417121500-276	
20170417121500-277	
20170417121500-278	
20170417121500-279	
20170417121500-280	
20170417121500-281	
20170417121500-282	
20170417121500-283	
20170417121500-284	
20170417121500-285	
20170417121500-286	
20170417121500-287	
20170417121500-288	
20170417121500-289	
20170417121500-290	
20170417121500-291	
20170417121500-292	
20170417121500-293	
20170417121500-294	
20170417121500-295	
20170417121500-296	
20170417121500-297	
20170417121500-298	
20170417121500-299	
20170417121500-300	
20170417121500-301	
20170417121500-302	
20170417121500-303	
20170417121500-304	
20170417121500-305	
20170417121500-306	
20170417121500-307	
20170417121500-308	
20170417121500-309	
20170417121500-310	
20170417121500-311	
20170417121500-312	
20170417121500-313	
20170417121500-314	
20170417121500-315	
20170417121500-316	
20170417121500-317	
20170417121500-318	
20170417121500-319	
20170417121500-320	
20170417121500-321	
20170417121500-322	
20170417121500-323	
20170417121500-324	
20170417121500-325	
20170417121500-326	
20170417121500-327	
20170417121500-328	
20170417121500-329	
20170417121500-330	
20170417121500-331	
20170417121500-332	
20170417121500-333	
20170417121500-334	
20170417121500-335	
20170417121500-336	
20170417121500-337	
20170417121500-338	
20170417121500-339	
20170417121500-340	
20170417121500-341	
20170417121500-342	
20170417121500-343	
20170417121500-344	
20170417121500-345	
20170417121500-346	
20170417121500-347	
20170417121500-348	
20170417121500-349	
20170417121500-350	
20170417121500-351	
20170417121500-352	
20170417121500-353	
20170417121500-354	
20170417121500-355	
20170417121500-356	
20170417121500-357	
20170417121500-358	
20170417121500-359	
20170417121500-360	
20170417121500-361	
20170417121500-362	
20170417121500-363	
20170417121500-364	
20170417121500-365	
20170417121500-366	
20170417121500-367	
20170417121500-368	
20170417121500-369	
20170417121500-370	
20170417121500-371	
20170417121500-372	
20170417121500-373	
20170417121500-374	
20170417121500-375	
20170417121500-376	
20170417121500-377	
20170417121500-378	
20170417121500-379	
20170417121500-380	
20170417121500-381	
20170417121500-382	
20170417121500-383	
20170417121500-384	
20170417121500-385	
20170417121500-386	
20170417121500-387	
20170417121500-388	
20170417121500-389	
20170417121500-390	
20170417121500-391	
20170417121500-392	
20170417121500-393	
20170417121500-394	
20170417121500-395	
20170417121500-396	
20170417121500-397	
20170417121500-398	
20170417121500-399	
20170417121500-400	
20170417121500-401	
20170417121500-402	
20170417121500-403	
20170417121500-404	
20170417121500-405	
20170417121500-406	
20170417121500-407	
20170417121500-408	
20170417121500-409	
20170417121500-410	
20170417121500-411	
20170417121500-412	
20170417121500-413	
20170417121500-414	
20170417121500-415	
20170417121500-416	
20170417121500-417	
20170417121500-418	
20170417121500-419	
20170417121500-420	
20170417121500-421	
20170417121500-422	
20170417121500-423	
20170417121500-424	
20170417121500-425	
20170417121500-426	
20170417121500-427	
20170417121500-428	
20170417121500-429	
20170417121500-430	
20170417121500-431	
20170417121500-432	
20170417121500-433	
20170417121500-434	
20170417121500-435	
20170417121500-436	
20170417121500-437	
20170417121500-438	
20170417121500-439	
20170417121500-440	
20170417121500-441	
20170417121500-442	
20170417121500-443	
20170417121500-444	
20170417121500-445	
20170417121500-446	
20170417121500-447	
20170417121500-448	
20170417121500-449	
20170417121500-450	
20170417121500-451	
20170417121500-452	
20170417121500-453	
20170417121500-454	
20170417121500-455	
20170417121500-456	
20170417121500-457	
20170417121500-458	
20170417121500-459	
20170417121500-460	
20170417121500-461	
20170417121500-462	
20170417121500-463	
20170417121500-464	
20170417121500-465	
20170417121500-466	
20170417121500-467	
20170417121500-468	
20170417121500-469	
20170417121500-470	
20170417121500-471	
20170417121500-472	
20170417121500-473	
20170417121500-474	
20170417121500-475	
20170417121500-476	
20170417121500-477	
20170417121500-478	
20170417121500-479	
20170417121500-480	
20170417121500-481	
20170417121500-482	
20170417121500-483	
20170417121500-484	
20170417121500-485	
20170417121500-486	
20170417121500-487	
20170417121500-488	
20170417121500-489	
20170417121500-490	
20170417121500-491	
20170417121500-492	
20170417121500-493	
20170417121500-494	
20170417121500-495	
20170417121500-496	
20170417121500-497	
20170417121500-498	
20170417121500-499	
20170417121500-500	
20170417121500-501	
20170417121500-502	
20170417121500-503	
20170417121500-504	
20170417121500-505	
20170417121500-506	
20170417121500-507	
20170417121500-508	
20170417121500-509	
20170417121500-510	
20170417121500-511	
20170417121500-512	
20170417121500-513	
20170417121500-514	
20170417121500-515	
20170417121500-516	
20170417121500-517	
20170417121500-518	
20170417121500-519	
20170417121500-520	
20170417121500-521	
20170417121500-522	
20170417121500-523	
20170417121500-524	
20170417121500-525	
20170417121500-526	
20170417121500-527	
20170417121500-528	
20170417121500-529	
20170417121500-530	
20170417121500-531	
20170417121500-532	
20170417121500-533	
20170417121500-534	
20170417121500-535	
20170417121500-536	
20170417121500-537	
20170417121500-538	
20170417121500-539	
20170417121500-540	
20170417121500-541	
20170417121500-542	
20170417121500-543	
20170417121500-544	
20170417121500-545	
20170417121500-546	
20170417121500-547	
20170417121500-548	
20170417121500-549	
20170417121500-550	
20170417121500-551	
20170417121500-552	
20170417121500-553	
20170417121500-554	
20170417121500-555	
20170417121500-556	
20170417121500-557	
20170417121500-558	
20170417121500-559	
20170417121500-560	
20170417121500-561	
20170417121500-562	
20170417121500-563	
20170417121500-564	
20170417121500-565	
20170417121500-566	
20170417121500-567	
20170417121500-568	
20170417121500-569	
20170417121500-570	
20170417121500-571	
20170417121500-572	
20170417121500-573	
20170417121500-574	
20170417121500-575	
20170417121500-576	
20170417121500-577	
20170417121500-578	
20170417121500-579	
20170417121500-580	
20170417121500-581	
20170417121500-582	
20170417121500-583	
20170417121500-584	
20170417121500-585	
20170417121500-586	
20170417121500-587	
20170417121500-588	
20170417121500-589	
20170417121500-590	
20170417121500-591	
20170417121500-592	
20170417121500-593	
20170417121500-594	
20170417121500-595	
20170417121500-596	
20170417121500-597	
20170417121500-598	
20170417121500-599	
20170417121500-600	
20170417121500-601	
20170417121500-602	
20170417121500-603	
20170417121500-604	
20170417121500-605	
20170417121500-606	
20170417121500-607	
20170417121500-608	
20170417121500-609	
20170417121500-610	
20170417121500-611	
20170417121500-612	
20170417121500-613	
20170417121500-614	
20170417121500-615	
20170417121500-616	
20170417121500-617	
20170417121500-618	
20170417121500-619	
20170417121500-620	
20170417121500-621	
20170417121500-622	
20170417121500-623	
20170417121500-624	
20170417121500-625	
20170417121500-626	
20170417121500-627	
20170417121500-628	
20170417121500-629	
20170417121500-630	
20170417121500-631	
20170417121500-632	
20170417121500-633	
20170417121500-634	
20170417121500-635	
20170417121500-636	
20170417121500-637	
20170417121500-638	
20170417121500-639	
20170417121500-640	
20170417121500-641	
20170417121500-642	
20170417121500-643	
20170417121500-644	
20170417121500-645	
20170417121500-646	
20170417121500-647	
20170417121500-648	
20170417121500-649	
20170417121500-650	
20170417121500-651	
20170417121500-652	
20170417121500-653	
20170417121500-654	
20170417121500-655	
20170417121500-656	
20170417121500-657	
20170417121500-658	
20170417121500-659	
20170417121500-660	
20170417121500-661	
20170417121500-662	
20170417121500-663	
20170417121500-664	
20170417121500-665	
20170417121500-666	
20170417121500-667	
20170417121500-668	
20170417121500-669	
20170417121500-670	
20170417121500-671	
20170417121500-672	
20170417121500-673	
20170417121500-674	
20170417121500-675	
20170417121500-676	
20170417121500-677	
20170417121500-678	
20170417121500-679	
20170417121500-680	
20170417121500-681	
20170417121500-682	
20170417121500-683	
20170417121500-684	
20170417121500-685	
20170417121500-686	
20170417121500-687	
20170417121500-688	
20170417121500-689	
20170417121500-690	
20170417121500-691	
20170417121500-692	
20170417121500-693	
20170417121500-694	
20170417121500-695	
20170417121500-696	
20170417121500-697	
20170417121500-698	
20170417121500-699	
20170417121500-700	
20170417121500-701	
20170417121500-702	
20170417121500-703	
20170417121500-704	
20170417121500-705	
20170417121500-706	
20170417121500-707	
20170417121500-708	
20170417121500-709	
20170417121500-710	
20170417121500-711	
20170417121500-712	
20170417121500-713	
20170417121500-714	
20170417121500-715	
20170417121500-716	
20170417121500-717	
20170417121500-718	
20170417121500-719	
20170417121500-720	
20170417121500-721	
20170417121500-722	
20170417121500-723	
20170417121500-724	
20170417121500-725	
20170417121500-726	
20170417121500-727	
20170417121500-728	
20170417121500-729	
20170417121500-730	
20170417121500-731	
20170417121500-732	
20170417121500-733	
20170417121500-734	
20170417121500-735	
20170417121500-736	
20170417121500-737	
20170417121500-738	
20170417121500-739	
20170417121500-740	
20170417121500-741	
20170417121500-742	
20170417121500-743	
20170417121500-744	
20170417121500-745	
20170417121500-746	
20170417121500-747	
20170417121500-748	
20170417121500-749	
20170417121500-750	
20170417121500-751	
20170417121500-752	
20170417121500-753	
20170417121500-754	
20170417121500-755	
20170417121500-756	
20170417121500-757	
20170417121500-758	
20170417121500-759	
20170417121500-760	
20170417121500-761	
20170417121500-762	
20170417121500-763	
20170417121500-764	
20170417121500-765	
20170417121500-766	
20170417121500-767	
20170417121500-768	
20170417121500-769	
20170417121500-770	
20170417121500-771	
20170417121500-772	
20170417121500-773	
20170417121500-774	
20170417121500-775	
20170417121500-776	
20170417121500-777	
20170417121500-778	
20170417121500-779	
20170417121500-780	
20170417121500-781	
20170417121500-782	
20170417121500-783	
20170417121500-784	
20170417121500-785	
20170417121500-786	
20170417121500-787	
20170417121500-788	
20170417121500-789	
20170417121500-790	
20170417121500-791	
20170417121500-792	
20170417121500-793	
20170417121500-794	
20170417121500-795	
20170417121500-796	
20170417121500-797	
20170417121500-798	
20170417121500-799	
20170417121500-800	
20170417121500-801	
20170417121500-802	
20170417121500-803	
20170417121500-804	
20170417121500-805	
20170417121500-806	
20170417121500-807	
20170417121500-808	
20170417121500-809	
20170417121500-810	
20170417121500-811	
20170417121500-812	
20170417121500-813	
20170417121500-814	
20170417121500-815	
20170417121500-816	
20170417121500-817	
20170417121500-818	
20170417121500-819	
20170417121500-820	
20170417121500-821	
20170417121500-822	
20170417121500-823	
20170417121500-824	
20170417121500-825	
20170417121500-826	
20170417121500-827	
20170417121500-828	
20170417121500-829	
20170417121500-830	
20170417121500-831	
20170417121500-832	
20170417121500-833	
20170417121500-834	
20170417121500-835	
20170417121500-836	
20170417121500-837	
20170417121500-838	
20170417121500-839	
20170417121500-840	
20170417121500-841	
20170417121500-842	
20170417121500-843	
20170417121500-844	
20170417121500-845	
20170417121500-846	
20170417121500-847	
20170417121500-848	
20170417121500-849	
20170417121500-850	
20170417121500-851	
20170417121500-852	
20170417121500-853	
20170417121500-854	
20170417121500-855	
20170417121500-856	
20170417121500-857	
20170417121500-858	
20170417121500-859	
20170417121500-860	
20170417121500-861	
20170417121500-862	
20170417121500-863	
20170417121500-864	
20170417121500-865	
20170417121500-866	
20170417121500-867	
20170417121500-868	
20170417121500-869	
20170417121500-870	
20170417121500-871	
20170417121500-872	
20170417121500-873	
20170417121500-874	
20170417121500-875	
20170417121500-876	
20170417121500-877	
20170417121500-878	
20170417121500-879	
20170417121500-880	
20170417121500-881	
20170417121500-882	
20170417121500-883	
20170417121500-884	
20170417121500-885	
20170417121500-886	
20170417121500-887	
20170417121500-888	
20170417121500-889	
20170417121500-890	
20170417121500-891	
20170417121500-892	
20170417121500-893	
20170417121500-894	
20170417121500-895	
20170417121500-896	
20170417121500-897	
20170417121500-898	
20170417121500-899	
20170417121500-900	
20170417121500-901	
20170417121500-902	
20170417121500-903	
20170417121500-904	
20170417121500-905	
20170417121500-906	
20170417121500-907	
20170417121500-908	
20170417121500-909	
20170417121500-910	
20170417121500-911	
20170417121500-912	
20170417121500-913	
20170417121500-914	
20170417121500-915	
20170417121500-916	
20170417121500-917	
20170417121500-918	
20170417121500-919	
20170417121500-920	
20170417121500-921	
20170417121500-922	
20170417121500-923	
20170417121500-924	
20170417121500-925	
20170417121500-926	
20170417121500-927	
20170417121500-928	
20170417121500-929	
20170417121500-930	
20170417121500-931	
20170417121500-932	
20170417121500-933	
20170417121500-934	
20170417121500-935	
20170417121500-936	
20170417121500-937	
20170417121500-938	
20170417121500-939	
20170417121500-940	
20170417121500-941	
20170417121500-942	
20170417121500-943	
20170417121500-944	
20170417121500-945	
20170417121500-946	
20170417121500-947	
20170417121500-948	
20170417121500-949	
20170417121500-950	
20170417121500-951	
20170417121500-952	
20170417121500-953	
20170417121500-954	
20170417121500-955	
20170417121500-956	
20170417121500-957	
20170417121500-958	
20170417121500-959	
20170417121500-960	
20170417121500-961	
20170417121500-962	
20170417121500-963	
20170417121500-964	
20170417121500-965	
20170417121500-966	
20170417121500-967	
20170417121500-968	
20170417121500-969	
20170417121500-970	
20170417121500-971	
20170417121500-972	
20170417121500-973	
20170417121500-974	
20170417121500-975	
20170417121500-976	
20170417121500-977	
20170417121500-978	
20170417121500-979	
20170417121500-980	
20170417121500-981	
20170417121500-982	
20170417121500-983	
20170417121500-984	
20170417121500-985	
20170417121500-986	
20170417121500-987	
20170417121500-988	
20170417121500-989	
20170417121500-990	
20170417121500-991	
20170417121500-992	
20170417121500-993	
20170417121500-994	
20170417121500-995	
20170417121500-996	
20170417121500-997	
20170417121500-998	
20170417121500-999	
20170417121500-1000	
20170417121500-1001	
20170417121500-1002	
20170417121500-1003	
20170417121500-1004	
20170417121500-1005	
20170417121500-1006	
20170417121500-1007	
20170417121500-1008	
20170417121500-1009	
20170417121500-1010	
20170417121500-1011	
20170417121500-1012	
20170417121500-1013	
20170417121500-1014	
20170417121500-1015	
20170417121500-1016	
20170417121500-1017	
20170417121500-1018	
20170417121500-1019	
20170417121500-1020	
20170417121500-1021	
20170417121500-1022	
20170417121500-1023	
20170417121500-1024	
20170417121500-1025	
20170417121500-1026	
20170417121500-1027	
20170417121500-1028	
20170417121500-1029	
20170417121500-1030	
20170417121500-1031	
20170417121500-1032	
20170417121500-1033	
20170417121500-1034	
20170417121500-1035	
20170417121500-1036	
20170417121500-1037	
20170417121500-1038	
20170417121500-1039	
20170417121500-1040	
20170417121500-1041	
20170417121500-1042	
20170417121500-1043	
20170417121500-1044	
20170417121500-1045	
20170417121500-1046	
20170417121500-1047	
20170417121500-1048	
20170417121500-1049	
20170417121500-1050	
20170417121500-1051	
20170417121500-1052	
20170417121500-1053	
20170417121500-1054	
20170417121500-1055	
20170417121500-1056	
20170417121500-1057	
20170417121500-1058	
20170417121500-1059	
20170417121500-1060	
20170417121500-1061	
20170417121500-1062	
20170417121500-1063	
20170417121500-1064	
20170417121500-1065	
20170417121500-1066	
20170417121500-1067	
20170417121500-1068	
20170417121500-1069	
20170417121500-1070	
20170417121500-1071	
20170417121500-1072	
20170417121500-1073	
20170417121500-1074	
20170417121500-1075	
20170417121500-1076	
20170417121500-1077	
20170417121500-1078	
20170417121500-1079	
20170417121500-1080	
20170417121500-1081	
20170417121500-1082	
20170417121500-1083	
20170417121500-1084	
20170417121500-1085	
20170417121500-1086	
20170417121500-1087	
20170417121500-1088	
20170417121500-1089	
20170417121500-1090	
20170417121500-1091	
20170417121500-1092	
20170417121500-1093	
20170417121500-1094	
20170417121500-1095	
20170417121500-1096	
20170417121500-1097	
20170417121500-1098	
20170417121500-1099	
20170417121500-1100	
20170417121500-1101	
20170417121500-1102	
20170417121500-1103	
20170417121500-1104	
20170417121500-1105	
20170417121500-1106	
20170417121500-1107	
20170417121500-1108	
20170417121500-1109	
20170417121500-1110	
20170417121500-1111	
20170417121500-1112	
20170417121500-1113	
20170417121500-1114	
20170417121500-1115	
20170417121500-1116	
20170417121500-1117	
20170417121500-1118	
20170417121500-1119	
20170417121500-1120	
20170417121500-1121	
20170417121500-1122	
20170417121500-1123	
20170417121500-1124	
20170417121500-1125	
20170417121500-1126	
20170417121500-1127	
20170417121500-1128	
20170417121500-1129	
20170417121500-1130	
20170417121500-1131	
20170417121500-1132	
20170417121500-1133	
20170417121500-1134	
20170417121500-1135	
20170417121500-1136	
20170417121500-1137	
20170417121500-1138	
20170417121500-1139	
20170417121500-1140	
20170417121500-1141	
20170417121500-1142	
20170417121500-1143	
20170417121500-1144	
20170417121500-1145	
20170417121500-1146	
20170417121500-1147	
20170417121500-1148	
20170417121500-1149	
20170417121500-1150	
20170417121500-1151	
20170417121500-1152	
20170417121500-1153	
20170417121500-1154	
20170417121500-1155	
20170417121500-1156	
20170417121500-1157	
20170417121500-1158	
20170417121500-1159	
20170417121500-1160	
20170417121500-1161	
20170417121500-1162	
20170417121500-1163	
20170417121500-1164	
20170417121500-1165	
20170417121500-1166	
20170417121500-1167	
20170417121500-1168	
20170417121500-1169	
20170417121500-1170	
20170417121500-1171	
20170417121500-1172	
20170417121500-1173	
20170417121500-1174	
20170417121500-1175	
20170417121500-1176	
20170417121500-1177	
20170417121500-1178	
20170417121500-1179	
20170417121500-1180	
20170417121500-1181	
20170417121500-1182	
20170417121500-1183	
20170417121500-1184	
20170417121500-1185	
20170417121500-1186	
20170417121500-1187	
20170417121500-1188	
20170417121500-1189	
20170417121500-1190	
20170417121500-1191	
20170417121500-1192	
20170417121500-1193	
20170417121500-1194	
20170417121500-1195	
20170417121500-1196	
20170417121500-1197	
20170417121500-1198	
20170417121500-1199	
20170417121500-1200	
20170417121500-1201	
20170417121500-1202	
20170417121500-1203	
20170417121500-1204	
20170417121500-1205	
20170417121500-1206	
20170417121500-1207	
20170417121500-1208	
20170417121500-1209	
20170417121500-1210	
20170417121500-1211	
20170417121500-1212	
20170417121500-1213	
20170417121500-1214	
20170417121500-1215	
20170417121500-1216	
20170417121500-1217	
20170417121500-1218	
20170417121500-1219	
20170417121500-1220	
20170417121500-1221	
20170417121500-1222	
20170417121500-1223	
20170417121500-1224	
20170417121500-1225	
20170417121500-1226	
20170417121500-1227	
20170417121500-1228	
20170417121500-1229	
20170417121500-1230	
20170417121500-1231	
20170417121500-1232	
20170417121500-1233	
20170417121500-1234	
20170417121500-1235	
20170417121500-1236	
20170417121500-1237	
20170417121500-1238	
20170417121500-1239	
20170417121500-1240	
20170417121500-1241	
20170417121500-1242	
20170417121500-1243	
20170417121500-1244	
20170417121500-1245	
20170417121500-1246	
20170417121500-1247	
20170417121500-1248	
20170417121500-1249	
20170417121500-1250	
20170417121500-1251	
20170417121500-1252	
20170417121500-1253	
20170417121500-1254	
20170417121500-1255	
20170417121500-1256	
20170417121500-1257	
20170417121500-1258	
20170417121500-1259	
20170417121500-1260	
20170417121500-1261	
20170417121500-1262	
20170417121500-1263	
20170417121500-1264	
20170417121500-1265	
20170417121500-1266	
20170417121500-1267	
20170417121500-1268	
20170417121500-1269	
20170417121500-1270	
20170417121500-1271	
20170417121500-1272	
20170417121500-1273	
20170417121500-1274	
20170417121500-1275	
20170417121500-1276	
20170417121500-1277	
20170417121500-1278	
20170417121500-1279	
20170417121500-1280	
20170417121500-1281	
20170417121500-1282	
20170417121500-1283	
20170417121500-1284	
20170417121500-1285	
20170417121500-1286	
20170417121500-1287	
20170417121500-1288	
20170417121500-1289	
20170417121500-1290	
20170417121500-1291	
20170417121500-1292	
20170417121500-1293	
20170417121500-1294	
20170417121500-1295	
20170417121500-1296	
20170417121500-1297	
20170417121500-1298	
20170417121500-1299	
20170417121500-1300	
20170417121500-1301	
20170417121500-1302	
20170417121500-1303	
20170417121500-1304	
20170417121500-1305	
20170417121500-1306	
20170417121500-1307	
20170417121500-1308	
20170417121500-1309	
20170417121500-1310	
20170417121500-1311	
20170417121500-1312	
20170417121500-1313	
20170417121500-1314	
20170417121500-1315	
20170417121500-1316	
20170417121500-1317	
20170417121500-1318	
20170417121500-1319	
20170417121500-1320	
20170417121500-1321	
20170417121500-1322	
20170417121500-1323	
20170417121500-1324	
20170417121500-1325	
20170417121500-1326	
20170417121500-1327	
20170417121500-1328	
20170417121500-1329	
20170417121500-1330	
20170417121500-1331	
20170417121500-1332	
20170417121500-1333	
20170417121500-1334	
20170417121500-1335	
20170417121500-1336	
20170417121500-1337	
20170417121500-1338	
20170417121500-1339	
20170417121500-1340	
20170417121500-1341	
20170417121500-1342	
20170417121500-1343	
20170417121500-1344	
20170417121500-1345	
20170417121500-1346	
20170417121500-1347	
20170417121500-1348	
20170417121500-1349	
20170417121500-1350	
20170417121500-1351	
20170417121500-1352	
20170417121500-1353	
20170417121500-1354	
20170417121500-1355	
20170417121500-1356	
20170417121500-1357	
20170417121500-1358	
20170417121500-1359	
20170417121500-1360	
20170417121500-1361	
20170417121500-1362	
20170417121500-1363	
20170417121500-1364	
20170417121500-1365	
20170417121500-1366	
20170417121500-1367	
20170417121500-1368	
20170417121500-1369	
20170417121500-1370	
20170417121500-1371	
20170417121500-1372	
20170417121500-1373	
20170417121500-1374	
20170417121500-1375	
20170417121500-1376	
20170417121500-1377	
20170417121500-1378	
20170417121500-1379	
20170417121500-1380	
20170417121500-1381	
20170417121500-1382	
20170417121500-1383	
20170417121500-1384	
20170417121500-1385	
20170417121500-1386	
20170417121500-1387	
20170417121500-1388	
20170417121500-1389	
20170417121500-1390	
20170417121500-1391	
20170417121500-1392	
20170417121500-1393	
20170417121500-1394	
20170417121500-1395	
20170417121500-1396	
20170417121500-1397	
20170417121500-1398	
20170417121500-1399	
20170417121500-1400	
20170417121500-1401	
20170417121500-1402	
20170417121500-1403	
20170417121500-1404	
20170417121500-1405	
20170417121500-1406	
20170417121500-1407	
20170417121500-1408	
20170417121500-1409	
20170417121500-1410	
20170417121500-1411	
20170417121500-1412	
20170417121500-1413	
20170417121500-1414	
20170417121500-1415	
20170417121500-1416	
20170417121500-1417	
20170417121500-1418	
20170417121500-1419	
20170417121500-1420	
20170417121500-1421	
20170417121500-1422	
20170417121500-1423	
20170417121500-1424	
20170417121500-1425	
20170417121500-1426	
20170417121500-1427	
20170417121500-1428	
20170417121500-1429	
20170417121500-1430	
20170417121500-1431	
20170417121500-1432	
20170417121500-1433	
20170417121500-1434	
20170417121500-1435	
20170417121500-1436	
20170417121500-1437	
20170417121500-1438	
20170417121500-1439	
20170417121500-1440	
20170417121500-1441	
20170417121500-1442	
20170417121500-1443	
20170417121500-1444	
20170417121500-1445	
20170417121500-1446	
20170417121500-1447	
20170417121500-1448	
20170417121500-1449	
20170417121500-1450	
20170417121500-1451	
20170417121500-1452	
20170417121500-1453	
20170417121500-1454	
20170417121500-1455	
20170417121500-1456	
20170417121500-1457	
20170417121500-1458	
20170417121500-1459	
20170417121500-1460	
20170417121500-1461	
20170417121500-1462	
20170417121500-1463	
20170417121500-1464	
20170417121500-1465	
20170417121500-1466	
20170417121500-1467	
20170417121500-1468	
20170417121500-1469	
20170417121500-1470	
20170417121500-1471	
20170417121500-1472	
20170417121500-1473	
20170417121500-1474	
20170417121500-1475	
20170417121500-1476	
20170417121500-1477	
20170417121500-1478	
20170417121500-1479	
20170417121500-1480	
20170417121500-1481	
20170417121500-1482	
20170417121500-1483	
20170417121500-1484	
20170417121500-1485	
20170417121500-1486	
20170417121500-1487	
20170417121500-1488	
20170417121500-1489	
20170417121500-1490	
20170417121500-1491	
20170417121500-1492	
20170417121500-1493	
20170417121500-1494	
20170417121500-1495	
20170417121500-1496	
20170417121500-1497	
20170417121500-1498	
20170417121500-1499	
20170417121500-1500	
20170417121500-1501	
20170417121500-1502	
20170417121500-1503	
20170417121500-1504	
20170417121500-1505	
20170417121500-1506	
20170417121500-1507	
20170417121500-1508	
20170417121500-1509	
20170417121500-1510	
20170417121500-1511	
20170417121500-1512	
20170417121500-1513	
20170417121500-1514	
20170417121500-1515	
20170417121500-1516	
20170417121500-1517	
20170417121500-1518	
20170417121500-1519	
20170417121500-1520	
20170417121500-1521	
20170417121500-1522	
20170417121500-1523	
20170417121500-1524	
20170417121500-1525	
20170417121500-1526	
20170417121500-1527	
20170417121500-1528	
20170417121500-1529	
20170417121500-1530	
20170417121500-1531	
20170417121500-1532	
20170417121500-1533	
20170417121500-1534	
20170417121500-1535	
20170417121500-1536	
20170417121500-1537	
20170417121500-1538	
20170417121500-1539	
20170417121500-1540	
20170417121500-1541	
20170417121500-1542	
20170417121500-1543	
20170417121500-1544	
20170417121500-1545	
20170417121500-1546	
20170417121500-1547	
20170417121500-1548	
20170417121500-1549	
20170417121500-1550	
20170417121500-1551	
20170417121500-1552	
20170417121500-1553	
20170417121500-1554	
20170417121500-1555	
20170417121500-1556	
20170417121500-1557	
20170417121500-1558	
20170417121500-1559	
20170417121500-1560	
20170417121500-1561	
20170417121500-1562	
20170417121500-1563	
20170417121500-1564	
20170417121500-1565	
20170417121500-1566	
20170417121500-1567	
20170417121500-1568	
20170417121500-1569	
20170417121500-1570	
20170417121500-1571	
20170417121500-1572	
20170417121500-1573	
20170417121500-1574	
20170417121500-1575	
20170417121500-1576	
20170417121500-1577	
20170417121500-1578	
20170417121500-1579	
20170417121500-1580	
20170417121500-1581	
20170417121500-1582	
20170417121500-1583	
20170417121500-1584	
20170417121500-1585	
20170417121500-1586	
20170417121500-1587	
20170417121500-1588	
20170417121500-1589	
20170417121500-1590	
20170417121500-1591	
20170417121500-1592	
20170417121500-1593	
20170417121500-1594	
20170417121500-1595	
20170417121500-1596	
20170417121500-1597	
20170417121500-1598	
20170417121500-1599	
20170417121500-1600	
20170417121500-1601	
20170417121500-1602	
20170417121500-1603	
20170417121500-1604	
20170417121500-1605	
20170417121500-1606	
20170417121500-1607	
20170417121500-1608	
20170417121500-1609	
20170417121500-1610	
20170417121500-1611	
20170417121500-1612	
20170417121500-1613	
20170417121500-1614	
20170417121500-1615	
20170417121500-1616	
20170417121500-1617	
20170417121500-1618	
20170417121500-1619	
20170417121500-1620	
20170417121500-1621	
20170417121500-1622	
20170417121500-1623	
20170417121500-1624	
20170417121500-1625	
20170417121500-1626	
20170417121500-1627	
20170417121500-1628	
20170417121500-1629	
20170417121500-1630	
20170417121500-1631	
20170417121500-1632	
20170417121500-1633	
20170417121500-1634	
20170417121500-1635	
20170417121500-1636	
20170417121500-1637	
20170417121500-1638	
20170417121500-1639	
20170417121500-1640	
20170417121500-1641	
20170417121500-1642	
20170417121500-1643	
20170417121500-1644	
20170417121500-1645	
20170417121500-1646	
20170417121500-1647	
20170417121500-1648	
20170417121500-1649	
20170417121500-1650	
20170417121500-1651	
20170417121500-1652	
20170417121500-1653	
20170417121500-1654	
20170417121500-1655	
20170417121500-1656	
20170417121500-1657	
20170417121500-1658	
20170417121500-1659	
20170417121500-1660	
20170417121500-1661	
20170417121500-1662	
20170417121500-1663	
20170417121500-1664	
20170417121500-1665	
20170417121500-1666	
20170417121500-1667	
20170417121500-1668	
20170417121500-1669	
20170417121500-1670	
20170417121500-1671	
20170417121500-1672	
20170417121500-1673	
20170417121500-1674	
20170417121500-1675	
20170417121500-1676	
20170417121500-1677	
20170417121500-1678	
20170417121500-1679	
20170417121500-1680	
20170417121500-1681	
20170417121500-1682	
20170417121500-1683	
20170417121500-1684	
20170417121500-1685	
20170417121500-1686	
20170417121500-1687	
20170417121500-1688	
20170417121500-1689	
20170417121500-1690	
20170417121500-1691	
20170417121500-1692	
20170417121500-1693	
20170417121500-1694	
20170417121500-1695	
20170417121500-1696	
20170417121500-1697	
20170417121500-1698	
20170417121500-1699	
20170417121500-1700	
20170417121500-1701	
20170417121500-1702	
20170417121500-1703	
20170417121500-1704	
20170417121500-1705	
20170417121500-1706	
20170417121500-1707	
20170417121500-1708	
20170417121500-1709	
20170417121500-1710	
20170417121500-1711	
20170417121500-1712	
20170417121500-1713	
20170417121500-1714	
20170417121500-1715	
20170417121500-1716	
20170417121500-1717	
20170417121500-1718	
20170417121500-1719	
20170417121500-1720	
20170417121500-1721	
20170417121500-1722	
20170417121500-1723	
20170417121500-1724	
20170417121500-1725	
20170417121500-1726	
20170417121500-1727	
20170417121500-1728	
20170417121500-1729	
20170417121500-1730	
20170417121500-1731	
20170417121500-1732	
20170417121500-1733	
20170417121500-1734	
20170417121500-1735	
20170417121500-1736	
20170417121500-1737	
20170417121500-1738	
20170417121500-1739	
20170417121500-1740	
20170417121500-1741	
20170417121500-1742	
20170417121500-1743	
20170417121500-1744	
20170417121500-1745	
20170417121500-1746	
20170417121500-1747	
20170417121500-1748	
20170417121500-1749	
20170417121500-1750	
20170417121500-1751	
20170417121500-1752	
20170417121500-1753	
20170417121500-1754	
20170417121500-1755	
20170417121500-1756	
20170417121500-1757	
20170417121500-1758	
20170417121500-1759	
20170417121500-1760	
20170417121500-1761	
20170417121500-1762	
20170417121500-1763	
20170417121500-1764	
20170417121500-1765	
20170417121500-1766	
20170417121500-1767	
20170417121500-1768	
20170417121500-1769	
20170417121500-1770	
20170417121500-1771	
20170417121500-1772	
20170417121500-1773	
20170417121500-1774	
20170417121500-1775	
20170417121500-1776	
20170417121500-1777	
20170417121500-1778	
20170417121500-1779	
20170417121500-1780	
20170417121500-1781	
20170417121500-1782	
20170417121500-1783	
20170417121500-1784	
20170417121500-1785	
20170417121500-1786	
20170417121500-1787	
20170417121500-1788	
20170417121500-1789	
20170417121500-1790	
20170417121500-1791	
20170417121500-1792	
20170417121500-1793	
20170417121500-1794	
20170417121500-1795	
20170417121500-1796	
20170417121500-1797	
20170417121500-1798	
20170417121500-1799	
20170417121500-1800	
20170417121500-1801	
20170417121500-1802	
20170417121500-1803	
20170417121500-1804	
20170417121500-1805	
20170417121500-1806	
20170417121500-1807	
20170417121500-1808	
20170417121500-1809	
20170417121500-1810	
20170417121500-1811	
20170417121500-1812	
20170417121500-1813	
20170417121500-1814	
20170417121500-1815	
20170417121500-1816	
20170417121500-1817	
20170417121500-1818	
20170417121500-1819	
20170417121500-1820	
20170417121500-1821	
20170417121500-1822	
20170417121500-1823	
20170417121500-1824	
20170417121500-1825	
20170417121500-1826	
20170417121500-1827	
20170417121500-1828	
20170417121500-1829	
20170417121500-1830	
20170417121500-1831	
20170417121500-1832	
20170417121500-1833	
20170417121500-1834	
20170417121500-1835	
20170417121500-1836	
20170417121500-1837	
20170417121500-1838	
20170417121500-1839	
20170417121500-1840	
20170417121500-1841	
20170417121500-1842	
20170417121500-1843	
20170417121500-1844	
20170417121500-1845	
20170417121500-1846	
20170417121500-1847	
20170417121500-1848	
20170417121500-1849	
20170417121500-1850	
20170417121500-1851	
20170417121500-1852	
20170417121500-1853	
20170417121500-1854	
20170417121500-1855	
20170417121500-1856	
20170417121500-1857	
20170417121500-1858	
20170417121500-1859	
20170417121500-1860	
20170417121500-1861	
20170417121500-1862	
20170417121500-1863	
20170417121500-1864	
20170417121500-1865	
20170417121500-1866	
20170417121500-1867	
20170417121500-1868	
20170417121500-1869	
20170417121500-1870	
20170417121500-1871	
20170417121500-1872	
20170417121500-1873	
20170417121500-1874	
20170417121500-1875	
20170417121500-1876	
20170417121500-1877	
20170417121500-1878	
20170417121500-1879	
20170417121500-1880	
20170417121500-1881	
20170417121500-1882	
20170417121500-1883	
20170417121500-1884	
20170417121500-1885	
20170417121500-1886	
20170417121500-1887	
20170417121500-1888	
20170417121500-1889	
20170417121500-1890	
20170417121500-1891	
20170417121500-1892	
20170417121500-1893	
20170417121500-1894	
20170417121500-1895	
20170417121500-1896	
20170417121500-1897	
20170417121500-1898	
20170417121500-1899	
20170417121500-1900	
20170417121500-1901	
20170417121500-1902	
20170417121500-1903	
20170417121500-1904	
20170417121500-1905	
20170417121500-1906	
20170417121500-1907	
20170417121500-1908	
20170417121500-1909	
20170417121500-1910	
20170417121500-1911	
20170417121500-1912	
20170417121500-1913	
20170417121500-1914	
20170417121500-1915	
20170417121500-1916	
20170417121500-1917	
20170417121500-1918	
20170417121500-1919	
20170417121500-1920	
20170417121500-1921	
20170417121500-1922	
20170417121500-1923	
20170417121500-1924	
20170417121500-1925	
20170417121500-1926	
20170417121500-1927	
20170417121500-1928	
20170417121500-1929	
20170417121500-1930	
20170417121500-1931	
20170417121500-1932	
20170417121500-1933	
20170417121500-1934	
20170417121500-1935	
20170417121500-1936	
20170417121500-1937	
20170417121500-1938	
20170417121500-1939	
20170417121500-1940	
20170417121500-1941	
20170417121500-1942	
20170417121500-1943	
20170417121500-1944	
20170417121500-1945	
20170417121500-1946	
20170417121500-1947	
20170417121500-1948	
20170417121500-1949	
20170417121500-1950	
20170417121500-1951	
20170417121500-1952	
20170417121500-1953	
20170417121500-1954	
20170417121500-1955	
20170417121500-1956	
20170417121500-1957	
20170417121500-1958	
20170417121500-1959	
20170417121500-1960	
20170417121500-1961	
20170417121500-1962	
20170417121500-1963	
20170417121500-1964	
20170417121500-1965	
20170417121500-1966	
20170417121500-1967	
20170417121500-1968	
20170417121500-1969	
20170417121500-1970	
20170417121500-1971	
20170417121500-1972	
20170417121500-1973	
20170417121500-1974	
20170417121500-1975	
20170417121500-1976	
20170417121500-1977	
20170417121500-1978	
20170417121500-1979	
20170417121500-1980	
20170417121500-1981	
20170417121500-1982	
20170417121500-1983	
20170417121500-1984	
20170417121500-1985	
20170417121500-1986	
20170417121500-1987	
20170417121500-1988	
20170417121500-1989	
20170417121500-1990	
20170417121500-1991	
20170417121500-1992	
20170417121500-1993	
20170417121500-1994	
20170417121500-1995	
20170417121500-1996	
20170417121500-1997	
20170417121500-1998	
20170417121500-1999	
20170417121500-2000	
20170417121500-2001	
20170417121500-2002	
20170417121500-2003	
20170417121500-2004	
20170417121500-2005	
20170417121500-2006	
20170417121500-2007	
20170417121500-2008	
20170417121500-2009	
20170417121500-2010	
20170417121500-2011	
20170417121500-2012	
20170417121500-2013	
20170417121500-2014	
20170417121500-2015	
20170417121500-2016	
20170417121500-2017	
20170417121500-2018	
20170417121500-2019	
20170417121500-2020	
20170417121500-2021	
20170417121500-2022	
20170417121500-2023	
20170417121500-2024	
20170417121500-2025	
20170417121500-2026	
20170417121500-2027	
20170417121500-2028	
20170417121500-2029	
20170417121500-2030	
20170417121500-2031	
20170417121500-2032	
20170417121500-2033	
20170417121500-2034	
20170417121500-2035	
20170417121500-2036	
20170417121500-2037	
20170417121500-2038	
20170417121500-2039	
20170417121500-2040	
20170417121500-2041	
20170417121500-2042	
20170417121500-2043	
20170417121500-2044	
20170417121500-2045	
20170417121500-2046	
20170417121500-2047	
20170417121500-2048	
20170417121500-2049	
20170417121500-2050	
20170417121500-2051	
20170417121500-2052	
20170417121500-2053	
20170417121500-2054	
20170417121500-2055	
20170417121500-2056	
20170417121500-2057	
20170417121500-2058	
20170417121500-2059	
20170417121500-2060	
20170417121500-2061	
20170417121500-2062	
20170417121500-2063	
20170417121500-2064	
20170417121500-2065	
20170417121500-2066	
20170417121500-2067	
20170417121500-2068	
20170417121500-2069	
20170417121500-2070	
20170417121500-2071	
20170417121500-2072	
20170417121500-2073	
20170417121500-2074	
20170417121500-2075	
20170417121500-2076	
20170417121500-2077	
20170417121500-2078	
20170417121500-2079	
20170417121500-2080	
20170417121500-2081	
20170417121500-2082	
20170417121500-2083	
20170417121500-2084	
20170417121500-2085	
20170417121500-2086	
20170417121500-2087	
20170417121500-2088	
20170417121500-2089	
20170417121500-2090	
20170417121500-2091	
20170417121500-2092	
20170417121500-2093	
20170417121500-2094	
20170417121500-2095	
20170417121500-2096	
20170417121500-2097	
20170417121500-2098	
20170417121500-2099	
20170417121500-2100	
20170417121500-2101	
20170417121500-2102	
20170417121500-2103	
20170417121500-2104	
20170417121500-2105	
20170417121500-2106	
20170417121500-2107	
20170417121500-2108	
20170417121500-2109	
20170417121500-2110	
20170417121500-2111	
20170417121500-2112	
20170417121500-2113	
20170417121500-2114	
20170417121500-2115	
20170417121500-2116	
20170417121500-2117	
20170417121500-2118	
20170417121500-2119	
20170417121500-2120	
20170417121500-2121	
20170417121500-2122	
20170417121500-2123	
20170417121500-2124	
20170417121500-2125	
20170417121500-2126	
20170417121500-2127	
20170417121500-2128	
20170417121500-2129	
20170417121500-2130	
20170417121500-2131	
20170417121500-2132	
20170417121500-2133	
20170417121500-2134	
20170417121500-2135	
20170417121500-2136	
20170417121500-2137	
20170417121500-2138	
20170417121500-2139	
20170417121500-2140	
20170417121500-2141	
20170417121500-2142	
20170417121500-2143	
20170417121500-2144	
20170417121500-2145	
20170417121500-2146	
20170417121500-2147	
20170417121500-2148	
20170417121500-2149	
20170417121500-2150	
20170417121500-2151	
20170417121500-2152	
20170417121500-2153	
20170417121500-2154	
20170417121500-2155	
20170417121500-2156	
20170417121500-2157	
20170417121500-2158	
20170417121500-2159	
20170417121500-2160	
20170417121500-2161	
20170417121500-2162	
20170417121500-2163	
20170417121500-2164	
20170417121500-2165	
20170417121500-2166	
20170417121500-2167	
20170417121500-2168	
20170417121500-2169	
20170417121500-2170	
20170417121500-2171	
20170417121500-2172	
20170417121500-2173	
20170417121500-2174	
20170417121500-2175	
20170417121500-2176	
20170417121500-2177	
20170417121500-2178	
20170417121500-2179	
20170417121500-2180	
20170417121500-2181	
20170417121500-2182	
20170417121500-2183	
20170417121500-2184	
20170417121500-2185	
20170417121500-2186	
20170417121500-2187	
20170417121500-2188	
20170417121500-2189	
20170417121500-2190	
20170417121500-2191	
20170417121500-2192	
20170417121500-2193	
20170417121500-2194	
20170417121500-2195	
20170417121500-2196	
20170417121500-2197	
20170417121500-2198	
20170417121500-2199	
20170417121500-2200	
20170417121500-2201	
20170417121500-2202	
20170417121500-2203	
20170417121500-2204	
20170417121500-2205	
20170417121500-2206	
20170417121500-2207	
20170417121500-2208	
20170417121500-2209	
20170417121500-2210	
20170417121500-2211	
20170417121500-2212	
20170417121500-2213	
20170417121500-2214	
20170417121500-2215	
20170417121500-2216	
20170417121500-2217	
20170417121500-2218	
20170417121500-2219	
20170417121500-2220	
20170417121500-2221	
20170417121500-2222	
20170417121500-2223	
20170417121500-2224	
20170417121500-2225	
20170417121500-2226	
20170417121500-2227	
20170417121500-2228	
20170417121500-2229	
20170417121500-2230	
20170417121500-2231	
20170417121500-2232	
20170417121500-2233	
20170417121500-2234	
20170417121500-2235	
20170417121500-2236	
20170417121500-2237	
20170417121500-2238	
20170417121500-2239	
20170417121500-2240	
20170417121500-2241	
20170417121500-2242	
20170417121500-2243	
20170417121500-2244	
20170417121500-2245	
20170417121500-2246	
20170417121500-2247	
20170417121500-2248	
20170417121500-2249	
20170417121500-2250	
20170417121500-2251	
20170417121500-2252	
20170417121500-2253	
20170417121500-2254	
20170417121500-2255	
20170417121500-2256	
20170417121500-2257	
20170417121500-2258	
20170417121500-2259	
20170417121500-2260	
20170417121500-2261	
20170417121500-2262	
20170417121500-2263	
20170417121500-2264	
20170417121500-2265	
20170417121500-2266	
20170417121500-2267	
20170417121500-2268	
20170417121500-2269	
20170417121500-2270	
20170417121500-2271	
20170417121500-2272	
20170417121500-2273	
20170417121500-2274	
20170417121500-2275	
20170417121500-2276	
20170417121500-2277	
20170417121500-2278	
20170417121500-2279	
20170417121500-2280	
20170417121500-2281	
20170417121500-2282	
20170417121500-2283	
20170417121500-2284	
20170417121500-2285	
20170417121500-2286	
20170417121500-2287	
20170417121500-2288	
20170417121500-2289	
20170417121500-2290	
20170417121500-2291	
20170417121500-2292	
20170417121500-2293	
20170417121500-2294	
20170417121500-2295	
20170417121500-2296	
20170417121500-2297	
20170417121500-2298	
20170417121500-2299	
20170417121500-2300	
20170417121500-2301	
20170417121500-2302	
20170417121500-2303	
20170417121500-2304	
20170417121500-2305	
20170417121500-2306	
20170417121500-2307	
20170417121500-2308	
20170417121500-2309	
20170417121500-2310	
20170417121500-2311	
20170417121500-2312	
20170417121500-2313	
20170417121500-2314	
20170417121500-2315	
20170417121500-2316	
20170417121500-2317	
20170417121500-2318	
20170417121500-2319	
20170417121500-2320	
20170417121500-2321	
20170417121500-2322	
20170417121500-2323	
20170417121500-2324	
20170417121500-2325	
20170417121500-2326	
20170417121500-2327	
20170417121500-2328	
20170417121500-2329	
20170417121500-2330	
20170417121500-2331	
20170417121500-2332	
20170417121500-2333	
20170417121500-2334	
20170417121500-2335	
20170417121500-2336	
20170417121500-2337	
20170417121500-2338	
20170417121500-2339	
20170417121500-2340	
20170417121500-2341	
20170417121500-2342	
20170417121500-2343	
20170417121500-2344	
20170417121500-2345	
20170417121500-2346	
20170417121500-2347	
20170417121500-2348	
20170417121500-2349	
20170417121500-2350	
20170417121500-2351	
20170417121500-2352	
20170417121500-2353	
20170417121500-2354	
20170417121500-2355	
20170417121500-2356	
20170417121500-2357	
20170417121500-2358	
20170417121500-2359	
20170417121500-2360	
20170417121500-2361	
20170417121500-2362	
20170417121500-2363	
20170417121500-2364	
20170417121500-2365	
20170417121500-2366	
20170417121500-2367	
20170417121500-2368	
20170417121500-2369	
20170417121500-2370	
20170417121500-2371	
20170417121500-2372	
20170417121500-2373	
20170417121500-2374	
20170417121500-2375	
20170417121500-2376	
20170417121500-2377	
20170417121500-2378	
20170417121500-2379	
20170417121500-2380	
20170417121500-2381	
20170417121500-2382	
20170417121500-2383	
20170417121500-2384	
20170417121500-2385	
20170417121500-2386	
20170417121500-2387	
20170417121500-2388	
20170417121500-2389	
20170417121500-2390	
20170417121500-2391	
20170417121500-2392	
20170417121500-2393	
20170417121500-2394	
20170417121500-2395	
20170417121500-2396	
20170417121500-2397	
20170417121500-2398	
20170417121500-2399	
20170417121500-2400	
20170417121500-2401	
20170417121500-2402	
20170417121500-2403	
20170417121500-2404	
20170417121500-2405	
20170417121500-2406	
20170417121500-2407	
20170417121500-2408	
20170417121500-2409	
20170417121500-2410	
20170417121500-2411	
20170417121500-2412	
20170417121500-2413	
20170417121500-2414	
20170417121500-2415	
20170417121500-2416	
20170417121500-2417	
20170417121500-2418	
20170417121500-2419	
20170417121500-2420	
20170417121500-2421	
20170417121500-2422	
20170417121500-2423	
20170417121500-2424	
20170417121500-2425	
20170417121500-2426	
20170417121500-2427	
20170417121500-2428	
20170417121500-2429	
20170417121500-2430	
20170417121500-2431	
20170417121500-2432	
20170417121500-2433	
20170417121500-2434	
20170417121500-2435	
20170417121500-2436	
20170417121500-2437	
20170417121500-2438	
20170417121500-2439	
20170417121500-2440	
20170417121500-2441	
20170417121500-2442	
20170417121500-2443	
20170417121500-2444	
20170417121500-2445	
20170417121500-2446	
20170417121500-2447	
20170417121500-2448	
20170417121500-2449	
20170417121500-2450	
20170417121500-2451	
20170417121500-2452	
20170417121500-2453	
20170417121500-2454	
20170417121500-2455	
20170417121500-2456	
20170417121500-2457	
20170417121500-2458	
20170417121500-2459	
20170417121500-2460	
20170417121500-2461	
20170417121500-2462	
20170417121500-2463	
20170417121500-2464	
20170417121500-2465	
20170417121500-2466	
20170417121500-2467	
20170417121500-2468	
20170417121500-2469	
20170417121500-2470	
20170417121500-2471	
20170417121500-2472	
20170417121500-2473	
20170417121500-2474	
20170417121500-2475	
20170417121500-2476	
20170417121500-2477	
20170417121500-2478	
20170417121500-2479	
20170417121500-2480	
20170417121500-2481	
20170417121500-2482	
20170417121500-2483	
20170417121500-2484	
20170417121500-2485	
20170417121500-2486	
20170417121500-2487	
20170417121500-2488	
20170417121500-2489	
20170417121500-2490	
20170417121500-2491	
20170417121500-2492	
20170417121500-2493	
20170417121500-2494	
20170417121500-2495	
20170417121500-2496	
20170417121500-2497	
20170417121500-2498	
20170417121500-2499	
20170417121500-2500	
20170417121500-2501	
20170417121500-2502	
20170417121500-2503	
20170417121500-2504	
20170417121500-2505	
20170417121500-2506	
20170417121500-2507	
20170417121500-2508	
20170417121500-2509	
20170417121500-2510	
20170417121500-2511	
20170417121500-2512	
20170417121500-2513	
20170417121500-2514	
20170417121500-2515	
20170417121500-2516	
20170417121500-2517	
20170417121500-2518	
20170417121500-2519	
20170417121500-2520	
20170417121500-2521	
20170417121500-2522	
20170417121500-2523	
20170417121500-2524	
20170417121500-2525	
20170417121500-2526	
20170417121500-2527	
20170417121500-2528	
20170417121500-2529	
20170417121500-2530	
20170417121500-2531	
20170417121500-2532	
20170417121500-2533	
20170417121500-2534	
20170417121500-2535	
20170417121500-2536	
20170417121500-2537	
20170417121500-2538	
20170417121500-2539	
20170417121500-2540	
20170417121500-2541	
20170417121500-2542	
20170417121500-2543	
20170417121500-2544	
20170417121500-2545	
20170417121500-2546	
20170417121500-2547	
20170417121500-2548	
20170417121500-2549	
20170417121500-2550	
20170417121500-2551	
20170417121500-2552	
20170417121500-2553	
20170417121500-2554	
20170417121500-2555	
20170417121500-2556	
20170417121500-2557	
20170417121500-2558	
20170417121500-2559	
20170417121500-2560	
20170417121500-2561	
20170417121500-2562	
20170417121500-2563	
20170417121500-2564	
20170417121500-2565	
20170417121500-2566	
20170417121500-2567	
20170417121500-2568	
20170417121500-2569	
20170417121500-2570	
20170417121500-2571	
20170417121500-2572	
20170417121500-2573	
20170417121500-2574	
20170417121500-2575	
20170417121500-2576	
20170417121500-2577	
20170417121500-2578	
20170417121500-2579	
20170417121500-2580	
20170417121500-2581	
20170417121500-2582	
20170417121500-2583	
20170417121500-2584	
20170417121500-2585	
20170417121500-2586	
20170417121500-2587	
20170417121500-2588	
20170417121500-2589	
20170417121500-2590	
20170417121500-2591	
20170417121500-2592	
20170417121500-2593	
20170417121500-2594	
20170417121500-2595	
20170417121500-2596	
20170417121500-2597	
20170417121500-2598	
20170417121500-2599	
20170417121500-2600	
20170417121500-2601	
20170417121500-2602	
20170417121500-2603	
20170417121500-2604	
20170417121500-2605	
20170417121500-2606	
20170417121500-2607	
20170417121500-2608	
20170417121500-2609	
20170417121500-2610	
20170417121500-2611	
20170417121500-2612	
20170417121500-2613	
20170417121500-2614	
20170417121500-2615	
20170417121500-2616	
20170417121500-2617	
20170417121500-2618	
20170417121500-2619	
20170417121500-2620	
20170417121500-2621	
20170417121500-2622	
20170417121500-2623	
20170417121500-2624	
20170417121500-2625	
20170417121500-2626	
20170417121500-2627	
20170417121500-2628	
20170417121500-2629	
20170417121500-2630	
20170417121500-2631	
20170417121500-2632	
20170417121500-2633	
20170417121500-2634	
20170417121500-2635	
20170417121500-2636	
20170417121500-2637	
20170417121500-2638	
